model,cell_id,batch,policy,true,pred,ape
ElasticNet,b1c5,b1_valid,4.4C(80%)-4.4C,1074.0,969.4920869576559,9.730718160367232
ElasticNet,b1c6,b1_valid,4.8C(80%)-4.8C,636.0,754.5132931256437,18.634165585793035
ElasticNet,b1c7,b1_valid,4.8C(80%)-4.8C,870.0,853.5450559558144,1.8913728786420225
ElasticNet,b1c38,b1_valid,7C(40%)-3.6C,617.0,605.8318458579287,1.8100736048737975
ElasticNet,b1c39,b1_valid,7C(40%)-3.6C,625.0,663.2465156788734,6.11944250861974
ElasticNet,b1c40,b1_valid,8C(15%)-3.6C,966.0,934.4178517913624,3.2693735205628975
ElasticNet,b1c41,b1_valid,8C(15%)-3.6C,1051.0,922.1048851107925,12.26404518451071
ElasticNet,b2c0,b2,5.2C(58%)-4C,477.0,725.3406437786194,52.06302804583217
ElasticNet,b2c1,b2,5.6C(26%)-4.5C,491.0,655.7859431845617,33.56129189094943
ElasticNet,b2c2,b2,5.2C(50%)-4.25C,424.0,618.8807088377914,45.96243132966779
ElasticNet,b2c3,b2,4.65C(44%)-5C,499.0,706.435390853782,41.57021860797234
ElasticNet,b2c4,b2,4.65C(69%)-6C,444.0,578.2150294373897,30.22861023364633
ElasticNet,b2c5,b2,3.6C(30%)-6C,416.0,552.1291282086844,32.72334812708759
ElasticNet,b2c6,b2,3.6C(9%)-5C,393.0,694.0348939246771,76.59920965004507
ElasticNet,b2c7,b2,4.8C(80%)-4.8C,777.0,1097.6816786264967,41.271773311003436
ElasticNet,b2c8,b2,5.2C(58%)-4C,904.0,1011.5192847440146,11.893726188497192
ElasticNet,b2c9,b2,5.6C(26%)-4.5C,791.0,1208.1860256611592,52.741596164495476
ElasticNet,b2c10,b2,4.8C(80%)-4.8C,492.0,736.6130432404678,49.718098219607285
ElasticNet,b2c11,b2,5.2C(50%)-4.25C,449.0,701.4082318883075,56.215641845948205
ElasticNet,b2c12,b2,4.65C(44%)-5C,466.0,590.3656499909101,26.687907723371275
ElasticNet,b2c13,b2,4.65C(69%)-6C,460.0,639.374263395514,38.99440508598131
ElasticNet,b2c14,b2,3.6C(30%)-6C,426.0,522.156583856155,22.571968041350928
ElasticNet,b2c15,b2,3.6C(9%)-5C,396.0,622.4936379151907,57.19536310989663
ElasticNet,b2c16,b2,4.8C(80%)-4.8C,472.0,700.5132271941245,48.413819320789095
ElasticNet,b2c17,b2,5.6C(26%)-4.5C,471.0,692.5106406371513,47.02986000788774
ElasticNet,b2c18,b2,5.2C(50%)-4.25C,449.0,725.6292471620269,61.61007731893695
ElasticNet,b2c19,b2,6C(60%)-3C,392.0,601.4489565940343,53.43085627398834
ElasticNet,b2c20,b2,5.2C(58%)-4C,489.0,688.5148515427719,40.800583137581164
ElasticNet,b2c21,b2,6C(60%)-3C,408.0,642.8535527625505,57.56214528493885
ElasticNet,b2c24,b2,4.8C(80%)-4.8C,514.0,759.9212925823821,47.844609451825306
ElasticNet,b2c25,b2,5.2C(58%)-4C,493.0,735.0749903382728,49.10243211729671
ElasticNet,b2c26,b2,5.6C(26%)-4.5C,450.0,619.9752540368825,37.77227867486277
ElasticNet,b2c27,b2,5.2C(50%)-4.25C,474.0,689.3918740676058,45.44132364295482
ElasticNet,b2c28,b2,4.8C(80%)-4.8C,437.0,654.8646957028552,49.85462144230097
ElasticNet,b2c29,b2,5.2C(58%)-4C,452.0,739.8372859915063,63.68081548484652
ElasticNet,b2c30,b2,5.6C(26%)-4.5C,412.0,575.154265513017,39.60054988180024
ElasticNet,b2c31,b2,5.6C(26%)-4.5C,425.0,654.9322336381483,54.101702032505486
ElasticNet,b2c32,b2,4.8C(80%)-4.8C,809.0,1016.9856150272732,25.708975899539332
ElasticNet,b2c33,b2,5.2C(58%)-4C,1140.0,1001.7484205729988,12.127331528684312
ElasticNet,b2c34,b2,5.6C(26%)-4.5C,1186.0,1113.9693076502097,6.073414194754666
ElasticNet,b2c41,b2,5.6C(26%)-4.5C,442.0,602.4152208822379,36.29303639869636
ElasticNet,b2c42,b2,5.2C(50%)-4.25C,474.0,724.8665132257203,52.92542473116462
ElasticNet,b2c43,b2,4.8C(80%)-4.8C,1029.0,1168.5857097212256,13.565180730925716
ElasticNet,b2c44,b2,5.2C(58%)-4C,841.0,1234.3711251644918,46.77421226688369
ElasticNet,b2c45,b2,5.6C(26%)-4.5C,997.0,1131.8702123637638,13.527604048521946
ElasticNet,b2c46,b2,4.8C(80%)-4.8C,503.0,731.2847072319761,45.38463364452805
ElasticNet,b3c0,b3,5C(67%)-4C,1009.0,979.6441453102093,2.9094008612280184
ElasticNet,b3c1,b3,5.3C(54%)-4C,1063.0,992.5627095509811,6.626273795768473
ElasticNet,b3c2,b3,5.6C(19%)-4.6C,1267.0,1330.409590122666,5.004703245672141
ElasticNet,b3c3,b3,5.6C(36%)-4.3C,1115.0,880.7940314762097,21.005019598546212
ElasticNet,b3c4,b3,5.6C(19%)-4.6C,1048.0,964.1974942353131,7.996422305790733
ElasticNet,b3c5,b3,5.6C(36%)-4.3C,828.0,827.6884917758316,0.037621766203912096
ElasticNet,b3c6,b3,3.7C(31%)-5.9C,667.0,602.9560832377294,9.601786621030069
ElasticNet,b3c7,b3,4.8C(80%)-4.8C,1836.0,1145.034760077723,37.63427232692141
ElasticNet,b3c8,b3,5C(67%)-4C,828.0,875.4986069507335,5.73654673318037
ElasticNet,b3c9,b3,5.3C(54%)-4C,1039.0,837.1959914878199,19.42290746026757
ElasticNet,b3c10,b3,4.8C(80%)-4.8C,1078.0,1057.0171110145923,1.9464646554181564
ElasticNet,b3c11,b3,5.6C(19%)-4.6C,817.0,780.8076308512998,4.42991054451655
ElasticNet,b3c12,b3,5.6C(36%)-4.3C,932.0,839.04175846418,9.974060250624461
ElasticNet,b3c13,b3,5.6C(19%)-4.6C,816.0,880.8274863958753,7.94454490145531
ElasticNet,b3c14,b3,5.6C(36%)-4.3C,858.0,861.1637481550143,0.3687352162021366
ElasticNet,b3c15,b3,5.9C(15%)-4.6C,876.0,842.3123896309143,3.8456176220417517
ElasticNet,b3c16,b3,4.8C(80%)-4.8C,1638.0,1261.477130974416,22.986744140756045
ElasticNet,b3c17,b3,5.3C(54%)-4C,1315.0,1103.4291912412073,16.08903488660021
ElasticNet,b3c18,b3,5.6C(19%)-4.6C,1146.0,988.2353424270968,13.76654952643134
ElasticNet,b3c19,b3,5.6C(36%)-4.3C,1155.0,957.3757483569145,17.11032481758316
ElasticNet,b3c20,b3,5C(67%)-4C,813.0,862.8122842483356,6.126972232267598
ElasticNet,b3c21,b3,3.7C(31%)-5.9C,772.0,694.9415693597331,9.981662000034575
ElasticNet,b3c22,b3,5.9C(60%)-3.1C,1002.0,813.2440499969348,18.837919161982555
ElasticNet,b3c24,b3,5C(67%)-4C,825.0,826.5055790513042,0.18249443046110944
ElasticNet,b3c25,b3,5.3C(54%)-4C,989.0,889.4572819809948,10.064986655106692
ElasticNet,b3c26,b3,5.6C(19%)-4.6C,1028.0,987.4071515153781,3.9487206697102986
ElasticNet,b3c27,b3,5.6C(36%)-4.3C,850.0,876.8411168693689,3.1577784552198676
ElasticNet,b3c28,b3,3.7C(31%)-5.9C,541.0,543.1724881589739,0.40156897578076156
ElasticNet,b3c29,b3,5.9C(15%)-4.6C,858.0,867.344436763211,1.0890951938474334
ElasticNet,b3c30,b3,5.3C(54%)-4C,935.0,899.14930063678,3.834299397135826
ElasticNet,b3c31,b3,5.9C(60%)-3.1C,731.0,758.9825161596426,3.827977586818415
ElasticNet,b3c33,b3,5C(67%)-4C,1284.0,1038.3050999088255,19.135116829530727
ElasticNet,b3c34,b3,5.3C(54%)-4C,1158.0,986.7401343721132,14.789280278746702
ElasticNet,b3c35,b3,5.6C(19%)-4.6C,1093.0,952.3963853032072,12.864008663933463
ElasticNet,b3c36,b3,5.6C(36%)-4.3C,923.0,934.2690114155897,1.2209113126316051
ElasticNet,b3c37,b3,4.8C(80%)-4.8C,1390.0,1512.768359542165,8.83225608217014
ElasticNet,b3c38,b3,5C(67%)-4C,1935.0,1057.2518860211046,45.361659637152215
ElasticNet,b3c39,b3,5.3C(54%)-4C,1156.0,1006.7467959924504,12.911176817262074
ElasticNet,b3c40,b3,5.6C(19%)-4.6C,796.0,968.658628288817,21.690782448343843
ElasticNet,b3c41,b3,5.6C(36%)-4.3C,786.0,880.8055619824296,12.061776333642442
ElasticNet,b3c42,b3,4.8C(80%)-4.8C,1642.0,1042.0253167462743,36.53926207391752
ElasticNet,b3c43,b3,5C(67%)-4C,1046.0,1040.50667624759,0.525174354914924
ElasticNet,b3c44,b3,5.3C(54%)-4C,940.0,922.0858310444111,1.9057626548498865
ElasticNet,b3c45,b3,4.8C(80%)-4.8C,1801.0,1181.4224649414323,34.401862024351345
